森萝财团 JKFUN-017 小梓 15D超薄白丝 [127P+1V],https://qulingyu1.com/lingyu/8198.html,1,0,
森萝财团 内部-002 小香 [122P],https://qulingyu1.com/lingyu/379543.html,0,0,
森萝财团 内部-001 真空白丝 [150P+1V],https://qulingyu1.com/lingyu/379075.html,0,0,
森萝财团 内部VIP系列 微风-06 [125P+1V],https://qulingyu1.com/lingyu/378792.html,0,0,
森萝财团 内部VIP系列 微风-05 [117P+1V],https://qulingyu1.com/lingyu/378218.html,0,0,
紧急企划《一只喵喵梓》吊带白丝 [85P],https://qulingyu1.com/lingyu/377986.html,0,0,
森萝财团 内部VIP系列 微风-04 [102P+1V],https://qulingyu1.com/lingyu/377711.html,0,0,
森萝财团 内部VIP系列 微风-03 [109P+1V],https://qulingyu1.com/lingyu/377353.html,0,0,
森萝财团 内部VIP系列 微风-02 [115P+1V],https://qulingyu1.com/lingyu/377158.html,0,0,
森萝财团 内部VIP系列 微风-01 [119P+1V],https://qulingyu1.com/lingyu/376999.html,0,0,
紧急企划 5G-001 五更百鬼 白丝 [50P],https://qulingyu1.com/lingyu/375164.html,0,0,
少女秩序 限定 2022春节特别期G [66P],https://qulingyu1.com/lingyu/374981.html,0,0,
稚乖画册 晴空01 白丝双马尾jk [79P],https://qulingyu1.com/lingyu/374857.html,0,0,
稚乖画册 颓废01 短裙白丝 [73P],https://qulingyu1.com/lingyu/374778.html,0,0,
稚乖画册《赤西夜夜》体操服 [70P+1V],https://qulingyu1.com/lingyu/374689.html,0,0,
紧急企划 2022元旦特刊 [28P],https://qulingyu1.com/lingyu/372858.html,0,0,
森萝财团 有料50-02 [82P],https://qulingyu1.com/lingyu/346802.html,0,0,
森萝财团 有料50-01 [90P],https://qulingyu1.com/lingyu/346710.html,0,0,
森萝财团 有料49 格子睡衣 [81P+1V],https://qulingyu1.com/lingyu/346512.html,0,0,
稚乖画册《赤西夜夜》女仆 [100P],https://qulingyu1.com/lingyu/374586.html,0,0,
紧急企划 NO.018 一只喵喵子 白丝短裙 [67P+1V],https://qulingyu1.com/lingyu/344448.html,0,0,
森萝财团 有料系列 NO.048.2 [24P+1V],https://qulingyu1.com/lingyu/342742.html,0,0,
森萝财团 有料系列 NO.048.1 [115P+1V],https://qulingyu1.com/lingyu/342623.html,0,0,
森萝财团 有料系列 NO.047 [27P+1V],https://qulingyu1.com/lingyu/342482.html,0,0,
紧急企划 Y-003《咦咿yiyiyiyiyi》水下白丝jk [88P+1V],https://qulingyu1.com/lingyu/341053.html,0,0,
紧急企划 Y-002《咦咿yiyiyiyiyi》车内JK白丝 [108P],https://qulingyu1.com/lingyu/337192.html,0,0,
森萝财团 有料系列 NO.046 [85P],https://qulingyu1.com/lingyu/332273.html,0,0,
紧急企划 NO.017 一只喵喵梓 [79P+1V],https://qulingyu1.com/lingyu/328217.html,0,0,
森萝财团 有料系列 No.042 白丝吊带睡衣 [79P],https://qulingyu1.com/lingyu/325298.html,0,0,
紧急企划 Y-001 室内JK黑丝 [98P+1V],https://qulingyu1.com/lingyu/325195.html,0,0,
森萝财团 有料系列 NO.040 [99P],https://qulingyu1.com/lingyu/323140.html,0,0,
森萝财团 有料系列 NO.041 [62P],https://qulingyu1.com/lingyu/323075.html,0,0,
森萝财团 無料系列 NO.004 [40P],https://qulingyu1.com/lingyu/321872.html,0,0,
森萝财团 有料系列 NO.039 [90P],https://qulingyu1.com/lingyu/320910.html,0,0,
森萝财团 有料系列 NO.038 [60P],https://qulingyu1.com/lingyu/320724.html,0,0,
紧急企划 NO.016 一只喵喵梓 [80P+1V],https://qulingyu1.com/lingyu/319029.html,0,0,
森萝财团 有料系列 NO.037 [112P],https://qulingyu1.com/lingyu/316887.html,0,0,
紧急企划 NO.015 一只喵喵梓 [94P+1V],https://qulingyu1.com/lingyu/313207.html,0,0,
紧急企划 NO.014 一只喵喵梓 [104P+1V],https://qulingyu1.com/lingyu/312166.html,0,0,
紧急企划 NO.013 一只喵喵梓 [68P+1V],https://qulingyu1.com/lingyu/310947.html,0,0,
紧急企划 NO.012 井酱desu [98P/1V],https://qulingyu1.com/lingyu/310805.html,0,0,
紧急企划 NO.011 一只喵喵梓 [111P+1V],https://qulingyu1.com/lingyu/309672.html,0,0,
紧急企划 Q-002 井酱desu [48P],https://qulingyu1.com/lingyu/309484.html,0,0,
森萝财团 有料系列 NO.036 [103P],https://qulingyu1.com/lingyu/308646.html,0,0,
森萝财团 有料系列 NO.035 [101P],https://qulingyu1.com/lingyu/307842.html,0,0,
森萝财团 随拍系列 No.001 小香 [77P],https://qulingyu1.com/lingyu/305177.html,0,0,
森萝财团 有料系列 NO.034 [72P],https://qulingyu1.com/lingyu/301878.html,0,0,
森萝财团 随拍系列 No.002 私房灰丝 [92P],https://qulingyu1.com/lingyu/301764.html,0,0,
森萝财团 有料系列 NO.033 [125P+1V],https://qulingyu1.com/lingyu/294603.html,0,0,
森萝财团 有料系列 NO.032 [100P+1V],https://qulingyu1.com/lingyu/293209.html,0,0,
森萝财团 有料系列 NO.031 [92P],https://qulingyu1.com/lingyu/291676.html,0,0,
森萝财团 有料系列 No.030 [100P+1V],https://qulingyu1.com/lingyu/291431.html,0,0,
森萝财团 有料系列 No.028 [106P],https://qulingyu1.com/lingyu/288903.html,0,0,
风之领域 No.199 爱健身的女孩 [42P],https://qulingyu1.com/lingyu/84819.html,0,0,
森萝财团 有料系列 NO.026 [85P+1V],https://qulingyu1.com/lingyu/285100.html,0,0,
森萝财团 X-048 死库水踩物 [94P+1V],https://qulingyu1.com/lingyu/114725.html,0,0,
森萝财团 有料系列 NO.025 [51P+1V],https://qulingyu1.com/lingyu/283203.html,0,0,
森萝财团 有料系列 NO.024 [84P],https://qulingyu1.com/lingyu/280743.html,0,0,
森萝财团 有料系列 NO.023 [53P+1V],https://qulingyu1.com/lingyu/280610.html,0,0,
森萝财团 有料系列 NO.022 [84P],https://qulingyu1.com/lingyu/280334.html,0,0,
森萝财团 有料系列 NO.020 [86P],https://qulingyu1.com/lingyu/278866.html,0,0,
森萝财团 JKFUN-027 5D白丝 默陌 [65P+1V],https://qulingyu1.com/lingyu/64652.html,0,0,
森萝财团 LOVEPLUS-003 萝蓝丝袜 [150P+1V],https://qulingyu1.com/lingyu/100855.html,0,0,
风之领域 No.013 清纯的白丝小姐姐 [49P],https://qulingyu1.com/lingyu/100685.html,0,0,
森萝财团 有料系列 NO.018 [71P],https://qulingyu1.com/lingyu/276832.html,0,0,
风之领域 格子裙少女 No.066 [45P],https://qulingyu1.com/lingyu/99113.html,0,0,
森萝财团 JKFUN-005 卉子 10D肉丝 [116P+1V],https://qulingyu1.com/lingyu/89353.html,0,0,
森萝财团 JKFUN-003 甜米春游 [150P+1V],https://qulingyu1.com/lingyu/295.html,0,0,
森萝财团 JKFUN-002 可爱丝足学妹 Aika [230P+1V],https://qulingyu1.com/lingyu/279292.html,0,0,
风之领域 No.074 Cos守望先锋DVA [49P],https://qulingyu1.com/lingyu/98828.html,0,0,
风之领域 No.081 长发的黑丝学妹 [42P],https://qulingyu1.com/lingyu/98603.html,0,0,
风之领域 No.083 白丝死库水 [49P],https://qulingyu1.com/lingyu/98446.html,0,0,
风之领域 No.084 白色的睡衣裙 [47P],https://qulingyu1.com/lingyu/98397.html,0,0,
森萝财团 JKFUN-001 甜米 [127P+1V],https://qulingyu1.com/lingyu/16600.html,0,0,
森萝财团 JKFUN-058 Aika [40P+1V],https://qulingyu1.com/lingyu/52516.html,0,0,
风之领域 No.108 吃鸡少女 [51P],https://qulingyu1.com/lingyu/97628.html,0,0,
森萝财团 JKFUN-059 黑涩现实 Aika [117P+1V],https://qulingyu1.com/lingyu/272279.html,0,0,
风之领域 No.109 红色运动服 [47P],https://qulingyu1.com/lingyu/97484.html,0,0,
风之领域 No.113 草霉裙萝莉 [45P],https://qulingyu1.com/lingyu/97291.html,0,0,
风之领域 No.114 格子裙少女 [49P],https://qulingyu1.com/lingyu/97240.html,0,0,
森萝财团 R15-009 床上JK白丝萝莉 [84P],https://qulingyu1.com/lingyu/271339.html,0,0,
森萝财团 R15-010 白丝少女倚窗而坐 [94P],https://qulingyu1.com/lingyu/271234.html,0,0,
森萝财团 R15-011 红色格子裙白丝 [67P],https://qulingyu1.com/lingyu/271166.html,0,0,
森萝财团 R15-012 白丝粉红少女 [84P],https://qulingyu1.com/lingyu/271081.html,0,0,
森萝财团 JKFUN-025 默陌&Aika [93P],https://qulingyu1.com/lingyu/65882.html,0,0,
森萝财团 R15-013 白丝运动少女 [85P],https://qulingyu1.com/lingyu/270822.html,0,0,
森萝财团 R15-014 白丝妹妹游园 [99P],https://qulingyu1.com/lingyu/270722.html,0,0,
森萝财团 R15-015 白丝萝莉玩桶装水 [77P],https://qulingyu1.com/lingyu/270644.html,0,0,
森萝财团 R15-016 萝莉蕾丝梦 [95P],https://qulingyu1.com/lingyu/270496.html,0,0,
森萝财团 R15-019 情趣黑网袜 [90P],https://qulingyu1.com/lingyu/270239.html,0,0,
森萝财团 R15-020 萝莉白丝也诱人 [89P],https://qulingyu1.com/lingyu/270149.html,0,0,
森萝财团 R15-023 白丝足控腿控 [75P],https://qulingyu1.com/lingyu/270072.html,0,0,
森萝财团 R15-034 户外白丝秀 [102P],https://qulingyu1.com/lingyu/269154.html,0,0,
森萝财团 R15-035 粉红白丝少女 [107P],https://qulingyu1.com/lingyu/269045.html,0,0,
森萝财团 R15-037 教室灰丝美脚 [120P],https://qulingyu1.com/lingyu/268824.html,0,0,
森萝财团 R15-038 肉丝大胸妹 [96P],https://qulingyu1.com/lingyu/268727.html,0,0,
森萝财团 R15-039 百褶裙白丝美足 [88P],https://qulingyu1.com/lingyu/268634.html,0,0,
森萝财团 R15-040 户外白丝短裙 [131P],https://qulingyu1.com/lingyu/268502.html,0,0,
森萝财团 R15-041 黑丝女仆 [140P],https://qulingyu1.com/lingyu/268361.html,0,0,
森萝财团 R15-042 灰丝学妹 [96P],https://qulingyu1.com/lingyu/268264.html,0,0,
森萝财团 R15系列043 [98P],https://qulingyu1.com/lingyu/268165.html,0,0,
森萝财团 R15-044 白丝学妹 [94P],https://qulingyu1.com/lingyu/268070.html,0,0,
森萝财团 R15-045 白丝学妹休憩空间 [109P],https://qulingyu1.com/lingyu/267960.html,0,0,
森萝财团 R15-046 薄丝美足 [110P],https://qulingyu1.com/lingyu/267849.html,0,0,
森萝财团 R15-047 心中的白丝 [114P],https://qulingyu1.com/lingyu/267734.html,0,0,
森萝财团 R15-049 黑丝妹妹秀美足 [152P],https://qulingyu1.com/lingyu/267580.html,0,0,
森萝财团 R15-050 黑白少女 [77P],https://qulingyu1.com/lingyu/267502.html,0,0,
紧急企划 NO.006 一只喵喵梓 [77P+1V],https://qulingyu1.com/lingyu/236085.html,0,0,
森萝财团 JKFUN-026 默陌 [75P+1V],https://qulingyu1.com/lingyu/38363.html,0,0,
森萝财团 JKFUN-031 小梓 肉丝30D [48P+1V],https://qulingyu1.com/lingyu/58782.html,0,0,
风之领域 No.173 兔子泳装少女 [41P],https://qulingyu1.com/lingyu/88931.html,0,0,
风之领域 No.181 黑白条纹泳装 [39P],https://qulingyu1.com/lingyu/88273.html,0,0,
风之领域 No.186 吊带黑色泳衣 [40P],https://qulingyu1.com/lingyu/87628.html,0,0,
森萝财团 JKFUN-029 卉子 黑丝女仆踩物 [67P+1V],https://qulingyu1.com/lingyu/63709.html,0,0,
森萝财团 JKFUN-GG-05 匿名 [227P+2V],https://qulingyu1.com/lingyu/86457.html,0,0,
森萝财团 JKFUN-057 卉子 白色过膝袜 [105P+1V],https://qulingyu1.com/lingyu/53267.html,0,0,
森萝财团 JKFUN-011 丝肉丝吊带袜 [115P+1V],https://qulingyu1.com/lingyu/84906.html,0,0,
风之领域 No.207 穹妹黑丝女郎 [42P],https://qulingyu1.com/lingyu/82831.html,0,0,
森萝财团 JKFUN-007 默陌 80D白丝 [126P+1V],https://qulingyu1.com/lingyu/38893.html,0,0,
风之领域 No.203 蕾丝紫衣少女 [44P],https://qulingyu1.com/lingyu/83562.html,1,0,
喵糖映画 VOL.015 半度度度喵 白丝格子裙 [43P],https://qulingyu1.com/lingyu/61801.html,1,0,
喵糖映画 VOL.017 学姐的制服黑丝 [40P],https://qulingyu1.com/lingyu/61443.html,0,0,
轻兰映画 Grand.012 可爱短发黑丝少女 [53P+1V],https://qulingyu1.com/lingyu/79937.html,0,0,
喵糖映画 VOL.018 COS萌妹 [40P],https://qulingyu1.com/lingyu/60897.html,0,0,
喵糖映画 VOL.064 制服下的死库水 [38P],https://qulingyu1.com/lingyu/53965.html,0,0,
风之领域 No.149 双马尾萝莉 [40P],https://qulingyu1.com/lingyu/92572.html,0,0,
紧急企划 NO.010 一只喵喵梓 [82P+1V],https://qulingyu1.com/lingyu/251557.html,0,0,
森萝财团 JKFUN-004 雪晴 COSPLAYER [123P+1V],https://qulingyu1.com/lingyu/89697.html,0,0,
森萝财团 WTMSB-002 黑丝兔女郎 [142P+1V],https://qulingyu1.com/lingyu/99420.html,0,0,
风之领域 No.115 双马尾粉系少女 [53P],https://qulingyu1.com/lingyu/97080.html,0,0,
风之领域 No.117 晨光中的阳光少女 [45P],https://qulingyu1.com/lingyu/96996.html,0,0,
森萝财团 X-060 80D肉丝踩薯片 [101P+1V],https://qulingyu1.com/lingyu/97135.html,0,0,
森萝财团 R15-017 少女的黑丝 [78P],https://qulingyu1.com/lingyu/270417.html,0,0,
森萝财团 R15-018 窗台上的白丝少女 [86P],https://qulingyu1.com/lingyu/270330.html,0,0,
森萝财团 JKFUN-018 15D超薄白丝 小青 [108P+1V],https://qulingyu1.com/lingyu/16490.html,0,0,
森萝财团 X-059 萝莉白丝80D [97P+1V],https://qulingyu1.com/lingyu/93785.html,0,0,
风之领域 No.150 猫系女友 [51P],https://qulingyu1.com/lingyu/92519.html,0,0,
风之领域 No.161 喵喵校服少女 [50P],https://qulingyu1.com/lingyu/91269.html,0,0,
喵糖映画 VOL.055 兔子美少女 [44P],https://qulingyu1.com/lingyu/43359.html,0,0,
风之领域 No.176 心动的体操服 [38P],https://qulingyu1.com/lingyu/88504.html,0,0,
风之领域 No.182 可爱兔子装 [47P],https://qulingyu1.com/lingyu/88024.html,0,0,
紧急企划 NO.009 一只喵喵梓 [88P+1V],https://qulingyu1.com/lingyu/245180.html,0,0,
森萝财团 有料系列 NO.016 [22P+1V],https://qulingyu1.com/lingyu/244657.html,0,0,
森萝财团 有料系列 NO.014 [107P],https://qulingyu1.com/lingyu/240576.html,0,0,
风之领域 NO.191 游乐园 [34P],https://qulingyu1.com/lingyu/239022.html,0,0,
风之领域 NO.061 黑丝OL风 [50P],https://qulingyu1.com/lingyu/238971.html,0,0,
风之领域 NO.015 无丝也性感 [30P],https://qulingyu1.com/lingyu/238940.html,0,0,
风之领域 NO.003 黑丝美腿户外 [39P],https://qulingyu1.com/lingyu/238900.html,0,0,
风之领域 NO.020 富贵少女肉丝 [49P],https://qulingyu1.com/lingyu/238800.html,0,0,
风之领域 NO.005 邻家黑丝清新女孩 [50P],https://qulingyu1.com/lingyu/238749.html,0,0,
风之领域 NO.033 网袜！网袜！[47P],https://qulingyu1.com/lingyu/238701.html,0,0,
紧急企划 Q-001 龙崎聆音 [88P],https://qulingyu1.com/lingyu/238454.html,0,0,
紧急企划 G-003 小奶糕Milky [70P],https://qulingyu1.com/lingyu/238384.html,0,0,
紧急企划 G-002 小奶糕Milky [60P],https://qulingyu1.com/lingyu/237195.html,0,0,
紧急企划 C-001 古川kagura [66P],https://qulingyu1.com/lingyu/236018.html,0,0,
紧急企划 NO.007 一只喵喵梓 [87P+1V],https://qulingyu1.com/lingyu/232499.html,0,0,
紧急企划 NO.008 井酱desu [108P+1V],https://qulingyu1.com/lingyu/232374.html,0,0,
森萝财团 有料系列 NO.012 [80P],https://qulingyu1.com/lingyu/229073.html,0,0,
喵写真 Vol.005 猫性妹子 [52P],https://qulingyu1.com/lingyu/205770.html,0,0,
《兔玩映画》御子Yumiko 御子的白裙 [47P],https://qulingyu1.com/lingyu/206450.html,0,0,
森萝财团 有料系列 NO.008 龙崎聆音 [88P],https://qulingyu1.com/lingyu/198918.html,0,0,
喵糖映画 SPL.001 双马尾私房 [40P],https://qulingyu1.com/lingyu/196282.html,0,0,
喵糖映画 VOL.075 白浴缸死库水 [39P],https://qulingyu1.com/lingyu/191600.html,0,0,
喵写真 PR15-004 蓝色JK校服 [108P+1V],https://qulingyu1.com/lingyu/206290.html,0,0,
森萝财团 有料系列 NO.017 [86P],https://qulingyu1.com/lingyu/250590.html,0,0,
喵糖映画 VOL.099 阳光下的白泳衣 [45P],https://qulingyu1.com/lingyu/184658.html,0,0,
喵糖映画 VOL.076 俏皮小护士 [40P],https://qulingyu1.com/lingyu/191559.html,0,0,
喵糖映画 VOL.078 放学后来约会吧 [44P],https://qulingyu1.com/lingyu/191469.html,0,0,
喵写真 PR15-005 红领巾JK校服 [80P+1V],https://qulingyu1.com/lingyu/206208.html,0,0,
森萝财团 有料系列 NO.010 小奶糕Milky [74P+1V],https://qulingyu1.com/lingyu/211885.html,0,0,
喵糖映画 VOL.079 黑色制服的少女 [39P],https://qulingyu1.com/lingyu/191429.html,0,0,
喵写真 PR15-008 衬衣马尾 [91P+1V],https://qulingyu1.com/lingyu/206112.html,0,0,
风之领域 No.151 喵喵少女 [34P],https://qulingyu1.com/lingyu/91813.html,0,0,
风之领域 No.152 黑暗少女 [44P],https://qulingyu1.com/lingyu/91767.html,0,0,
喵糖映画 VOL.081 黑喵女友 [45P],https://qulingyu1.com/lingyu/191340.html,0,0,
喵糖映画 VOL.083 狂三兔女郎 [40P],https://qulingyu1.com/lingyu/191256.html,0,0,
喵写真 Vol.025 丰满白丝 [63P],https://qulingyu1.com/lingyu/206048.html,0,0,
森萝财团 有料系列 NO.007 乃乃子 [72P],https://qulingyu1.com/lingyu/191954.html,0,0,
喵糖映画 JKL.002 黑色JK少女 [50P],https://qulingyu1.com/lingyu/309907.html,0,0,
喵糖映画 HML.017 高雄白旗袍 [20P],https://qulingyu1.com/lingyu/309865.html,0,0,
喵糖映画 HML.008 旗袍艾米莉亚 [42P],https://qulingyu1.com/lingyu/309822.html,0,0,
喵糖映画 HML.005 爱宕旗袍 [20P],https://qulingyu1.com/lingyu/309800.html,0,0,
喵糖映画 VOL.082 穹妹女仆 [42P],https://qulingyu1.com/lingyu/191297.html,0,0,
喵糖映画 VOL.089 露背毛衣 [40P],https://qulingyu1.com/lingyu/191063.html,0,0,
风之领域 NO.004 邻家白丝清新女孩 [49P],https://qulingyu1.com/lingyu/238850.html,0,0,
喵糖映画 VOL.091 私房物语 [37P],https://qulingyu1.com/lingyu/190977.html,0,0,
喵写真 PR15-002 丝足抱抱熊 [90P+1V],https://qulingyu1.com/lingyu/205955.html,0,0,
《兔玩映画》御子Yumiko 御子皮衣 [40P],https://qulingyu1.com/lingyu/206498.html,0,0,
少女秩序 VOL.003 超薄丝足 [40P],https://qulingyu1.com/lingyu/190816.html,0,0,
喵糖映画 VOL.093 丝袜酷女孩 [41P],https://qulingyu1.com/lingyu/190904.html,0,0,
喵写真 Vol.001 萝莉丝足 [58P],https://qulingyu1.com/lingyu/205895.html,0,0,
紧急企划 NC-001 车内JK白丝 [54P],https://qulingyu1.com/lingyu/245467.html,0,0,
喵糖映画 Vol.336 黑裙酒馆 [20P],https://qulingyu1.com/lingyu/212260.html,0,0,
喵糖映画 VOL.094 双马尾学妹 [40P],https://qulingyu1.com/lingyu/190863.html,0,0,
森萝财团 R15-001 黑丝女仆 [80P],https://qulingyu1.com/lingyu/272198.html,0,0,
森萝财团 R15-002 黑丝红格子裙 [65P],https://qulingyu1.com/lingyu/272131.html,0,0,
森萝财团 R15-003 水嫩白丝 [94P],https://qulingyu1.com/lingyu/272036.html,0,0,
森萝财团 R15-004 纯白之恋 [111P],https://qulingyu1.com/lingyu/271924.html,1,0,
森萝财团 R15-005 JK白丝诱惑 [85P],https://qulingyu1.com/lingyu/271789.html,1,0,
森萝财团 R15-006 水嫩嫩的白丝美足 [69P],https://qulingyu1.com/lingyu/271665.html,0,0,
森萝财团 R15-007 窗台上的薄纱少女 [83P],https://qulingyu1.com/lingyu/271581.html,0,0,
森萝财团 R15-008 玩手机的黑丝妹妹 [78P],https://qulingyu1.com/lingyu/271502.html,0,0,
紧急企划 NO.002 一只喵喵梓 [60P+1V],https://qulingyu1.com/lingyu/236165.html,0,0,
喵写真 Vol.004 JK黑丝 [71P],https://qulingyu1.com/lingyu/205823.html,0,0,
喵糖映画 VOL.058 甜心小萝莉 [35P],https://qulingyu1.com/lingyu/196206.html,0,0,
喵糖映画 VOL.113 白丝宅T [38P],https://qulingyu1.com/lingyu/184275.html,0,0,
喵糖映画 VOL.096 Kitaro_绮太郎 [47P],https://qulingyu1.com/lingyu/184797.html,0,0,
喵糖映画 VOL.060 黑丝猫耳 [46P],https://qulingyu1.com/lingyu/196118.html,0,0,
喵糖映画 HML.007 高雄旗袍 [17P],https://qulingyu1.com/lingyu/183968.html,0,0,
喵糖映画 VOL.047 果腿制服裙 [44P],https://qulingyu1.com/lingyu/195991.html,0,0,
喵糖映画 VOL.050 索尼子的热情 [35P],https://qulingyu1.com/lingyu/195955.html,0,0,
喵糖映画 VOL.152 啦啦少女之礼服 [28P],https://qulingyu1.com/lingyu/183986.html,0,0,
喵糖映画 VOL.026 [40P],https://qulingyu1.com/lingyu/195829.html,0,0,
喵糖映画 VOL.003 氧气少女 [86P],https://qulingyu1.com/lingyu/195701.html,0,0,
森萝财团 有料系列 NO.006 依依 [90P+1V],https://qulingyu1.com/lingyu/182290.html,0,0,
《森萝财团》有料系列 NO.005 小茵 [68P],https://qulingyu1.com/lingyu/182221.html,0,0,
喵糖映画 VOL.145 小草莓睡衣 [30P],https://qulingyu1.com/lingyu/184015.html,0,0,
喵糖映画 VOL.001 过膝白丝 [41P],https://qulingyu1.com/lingyu/195659.html,0,0,
森萝财团 有料系列 NO.004 依依 [76P],https://qulingyu1.com/lingyu/181166.html,0,0,
森萝财团 有料系列 NO.003 依依 [95P],https://qulingyu1.com/lingyu/180701.html,0,0,
喵糖映画 VOL.144 温泉死库水 [30P],https://qulingyu1.com/lingyu/184046.html,0,0,
喵糖映画 VOL.143 日系白T私房 [35P],https://qulingyu1.com/lingyu/184077.html,0,0,
喵糖映画 VOL.066 萌芽儿o0 [41P],https://qulingyu1.com/lingyu/191912.html,0,0,
喵糖映画 VOL.069 萌芽儿o0 [44P],https://qulingyu1.com/lingyu/191780.html,0,0,
喵糖映画 VOL.074 粉色JK小姐姐 [49P],https://qulingyu1.com/lingyu/191640.html,0,0,
紧急企划 G-001 小奶糕Milky [188P+1V],https://qulingyu1.com/lingyu/179658.html,0,0,
森萝财团 有料系列 NO.002 小香 [86P],https://qulingyu1.com/lingyu/179506.html,0,0,
森萝财团 有料系列 NO.001 小兰 [64P],https://qulingyu1.com/lingyu/179593.html,0,0,
喵糖映画 VOL.070 半度度度喵 [48P],https://qulingyu1.com/lingyu/191731.html,0,0,
森萝财团 R15-027 完美丝足 [95P],https://qulingyu1.com/lingyu/163009.html,0,0,
森萝财团 R15-031 天台黑丝 [95P],https://qulingyu1.com/lingyu/164832.html,0,0,
森萝财团 R15-025 白丝足控 [75P],https://qulingyu1.com/lingyu/161392.html,0,0,
喵糖映画 VOL.097 萌芽儿o0 [47P],https://qulingyu1.com/lingyu/184749.html,0,0,
轻兰映画 VOL.002 黑色过膝袜 [44P],https://qulingyu1.com/lingyu/158674.html,0,0,
喵糖映画 VOL.059 惠的礼服 [40P],https://qulingyu1.com/lingyu/196165.html,0,0,
喵糖映画 VOL.061 男友衬衫 [40P],https://qulingyu1.com/lingyu/196077.html,0,0,
喵糖映画 VOL.111 诗羽兔女郎 [25P],https://qulingyu1.com/lingyu/184314.html,0,0,
喵糖映画 VOL.110 长腿眼镜娘 [43P],https://qulingyu1.com/lingyu/184340.html,0,0,
森萝财团 R15-021 无法控制的白丝情结 [71P],https://qulingyu1.com/lingyu/157214.html,0,0,
轻兰映画 VOL.001 居家白丝 [30P],https://qulingyu1.com/lingyu/158720.html,0,0,
《喵糖映画》VOL.046 泡泡球死库水 [40P],https://qulingyu1.com/lingyu/196036.html,0,0,
喵糖映画 VOL.138 花嫁 [40P],https://qulingyu1.com/lingyu/184113.html,0,0,
喵糖映画 VOL.042 制服黑三本 [41P],https://qulingyu1.com/lingyu/195870.html,0,0,
喵糖映画 VOL.135 清凉私房 [41P],https://qulingyu1.com/lingyu/184201.html,0,0,
喵糖映画 VOL.041 白色兔女郎 [42P],https://qulingyu1.com/lingyu/195912.html,0,0,
喵糖映画 VOL.010 JK灰丝 [40P],https://qulingyu1.com/lingyu/195788.html,0,0,
喵糖映画 VOL.071 护士小姐姐 [40P],https://qulingyu1.com/lingyu/191690.html,0,0,
喵糖映画 VOL.068 Kitaro_绮太郎 [39P],https://qulingyu1.com/lingyu/191825.html,0,0,
喵糖映画 VOL.077 粉格裙的眼镜娘 [44P],https://qulingyu1.com/lingyu/191514.html,0,0,
喵糖映画 VOL.080 网袜兔女郎 [40P],https://qulingyu1.com/lingyu/191386.html,0,0,
喵糖映画 VOL.092 女仆和兔女郎 [30P],https://qulingyu1.com/lingyu/190946.html,0,0,
少女秩序 VOL.001 短裤白丝 [30P],https://qulingyu1.com/lingyu/190785.html,0,0,
森萝财团 X-058 白色死库水8D油亮黑丝 [119P+1V],https://qulingyu1.com/lingyu/103258.html,0,0,
森萝财团 R15-028 吹弹可破 [96P],https://qulingyu1.com/lingyu/163680.html,0,0,
喵糖映画 VOL.137 黑色礼服 [46P],https://qulingyu1.com/lingyu/184154.html,0,0,
森萝财团 R15-030 操场上的白丝 [67P],https://qulingyu1.com/lingyu/164763.html,0,0,
轻兰映画 VOL.005 裸腿 [46P],https://qulingyu1.com/lingyu/165703.html,0,0,
少女秩序 EXVOL.02 户外阳光丝袜妹 [80P],https://qulingyu1.com/lingyu/171278.html,0,0,
轻兰映画 VOL.004 白丝jk [48P],https://qulingyu1.com/lingyu/165652.html,0,0,
森萝财团 R15-033 粉红卡哇伊 [75P],https://qulingyu1.com/lingyu/165460.html,0,0,
森萝财团 R15-026 JK白丝户外 [79P],https://qulingyu1.com/lingyu/162928.html,0,0,
少女秩序 VOL.008 足控视觉 [41P],https://qulingyu1.com/lingyu/162099.html,0,0,
轻兰映画 VOL.003 黑丝短裙 [74P],https://qulingyu1.com/lingyu/163882.html,0,0,
森萝财团 R15-029 慢慢脱下你的黑丝 [78P],https://qulingyu1.com/lingyu/163778.html,0,0,
轻兰映画 SPL.001 白色过膝袜 [45P],https://qulingyu1.com/lingyu/159195.html,0,0,
森萝财团 R15-032 湖边戏水白丝 [113P],https://qulingyu1.com/lingyu/165537.html,0,0,
少女秩序 VOL.006 黑丝过膝袜 [55P],https://qulingyu1.com/lingyu/158617.html,0,0,
《兔玩映画》Akisoso秋楚楚 霞之丘诗羽 [39P],https://qulingyu1.com/lingyu/141025.html,0,0,
喵糖映画 VOL.098 JK制服少女 [44P],https://qulingyu1.com/lingyu/184704.html,0,0,
喵糖映画 VOL.102 蕾丝荷叶边泳衣 [40P],https://qulingyu1.com/lingyu/184535.html,0,0,
森萝财团 X-037 JK水手服 [75P+1V],https://qulingyu1.com/lingyu/119225.html,0,0,
森萝财团 X-028 田园薄丝少女 [128P+1V],https://qulingyu1.com/lingyu/118243.html,0,0,
森萝财团 无料系列 No.001《古川kagura》[102P+1V],https://qulingyu1.com/lingyu/136143.html,0,0,
森萝财团 R15-022 白丝 [85P],https://qulingyu1.com/lingyu/157313.html,0,0,
喵糖映画 VOL.024 [41P],https://qulingyu1.com/lingyu/16817.html,0,0,
森萝财团 X-061 80D薄白丝 [65P],https://qulingyu1.com/lingyu/5716.html,0,0,
风之领域 NO.146 白丝粉红少女户外 [34P],https://qulingyu1.com/lingyu/171184.html,0,0,
森萝财团 R15-024 白红黑 [57P],https://qulingyu1.com/lingyu/157973.html,0,0,
轻兰映画 SPL.012 JK校服百褶裙 [88P+1V],https://qulingyu1.com/lingyu/158753.html,0,0,
喵糖映画 VOL.090 星野兔女郎 [47P],https://qulingyu1.com/lingyu/191015.html,0,0,
轻兰映画 Grand.020 黑系女仆 [52P/1V],https://qulingyu1.com/lingyu/134048.html,0,0,
森萝财团 X-041 黑丝性感女仆 [100P+1V],https://qulingyu1.com/lingyu/116564.html,0,0,
森萝财团 X-024 旗袍少女白丝秀 [116P+1V],https://qulingyu1.com/lingyu/117311.html,0,0,
喵写真 Vol.027 粉色的假日 [74P],https://qulingyu1.com/lingyu/127100.html,0,0,
喵糖映画 VOL.101 冬日毛衣 [40P],https://qulingyu1.com/lingyu/184576.html,0,0,
喵糖映画 VOL.108 女仆长裙 [30P],https://qulingyu1.com/lingyu/184418.html,0,0,
少女秩序 EXVOL.06 古川kagura [42P+1V],https://qulingyu1.com/lingyu/114420.html,0,0,
森萝财团 JKFUN-GG-04 ASMR 匿名 [115P+1V],https://qulingyu1.com/lingyu/78347.html,0,0,
森萝财团 X-042 白丝萝莉少女 [115P+1V],https://qulingyu1.com/lingyu/114142.html,0,0,
喵写真 Vol.002 漂亮的丝美人 [76P],https://qulingyu1.com/lingyu/129219.html,0,0,
喵写真 Vol.010 江边的马尾妹 [66P],https://qulingyu1.com/lingyu/128096.html,0,0,
森萝财团 BETA-015 白丝小厨娘 [41P+1V],https://qulingyu1.com/lingyu/119988.html,0,0,
森萝财团 BETA-004 某高中女生 [113P],https://qulingyu1.com/lingyu/120132.html,0,0,
森萝财团 BETA-010 娇滴滴的黑丝萝莉 [61P],https://qulingyu1.com/lingyu/120033.html,0,0,
紧急企划 NO.005 一只喵喵梓 ​​​​[68P+1V],https://qulingyu1.com/lingyu/135981.html,1,0,
森萝财团 R15-048 肉丝情怀 [99P],https://qulingyu1.com/lingyu/119124.html,1,0,
风之领域 No.065 吊带白丝 [46P],https://qulingyu1.com/lingyu/118919.html,1,0,
风之领域 No.034 性感的新校服 [50P],https://qulingyu1.com/lingyu/118866.html,0,0,
森萝财团 X-014 黑丝格子裙 [123P+1V],https://qulingyu1.com/lingyu/118564.html,0,0,
风之领域 No.069 长腿迷你裙 [45P],https://qulingyu1.com/lingyu/117974.html,0,0,
轻兰映画 HANA.001 [65P],https://qulingyu1.com/lingyu/117850.html,0,0,
森萝财团 X-025 JK白丝姐妹花 [132P+1V],https://qulingyu1.com/lingyu/117613.html,0,0,
喵写真 Vol.026 无聊的一天 [72P],https://qulingyu1.com/lingyu/117184.html,0,0,
喵写真 Vol.019 黑丝蕾边校服 [96P],https://qulingyu1.com/lingyu/117086.html,0,0,
紧急企划 NO.004 一只喵喵梓 [69P+1V],https://qulingyu1.com/lingyu/116751.html,0,0,
《风之领域》No.071 校园黑丝JK少女 [47P],https://qulingyu1.com/lingyu/116455.html,0,0,
森萝财团 X-012 白丝白毛衣 [110P+1V],https://qulingyu1.com/lingyu/116019.html,0,0,
风之领域 No.040 美女没有男朋友 [46P],https://qulingyu1.com/lingyu/115971.html,0,0,
风之领域 No.072 白丝三角裤 [43P],https://qulingyu1.com/lingyu/115710.html,0,0,
森萝财团 X-039 粉红小可爱的肉丝 [71P+1V],https://qulingyu1.com/lingyu/115557.html,0,0,
森萝财团 X-047 游乐园里的一天 [141P+1V],https://qulingyu1.com/lingyu/115110.html,0,0,
风之领域 No.060 在无人的体育场 [51P],https://qulingyu1.com/lingyu/115057.html,0,0,
风之领域 No.058 极品的长腿妹子 [50P],https://qulingyu1.com/lingyu/114899.html,0,0,
轻兰映画 Blue and White [129P],https://qulingyu1.com/lingyu/114594.html,0,0,
风之领域 No.059 漫步公园的黑丝学妹 [50P],https://qulingyu1.com/lingyu/114057.html,0,0,
少女秩序 VOL.017 [54P],https://qulingyu1.com/lingyu/113941.html,0,0,
风之领域 No.096 白丝死库水 [35P],https://qulingyu1.com/lingyu/113867.html,0,0,
风之领域 No.097 性感的黑丝网袜 [50P],https://qulingyu1.com/lingyu/113690.html,0,0,
轻兰映画 SPL.003 妹妹头少女的体操服 [53P+1V],https://qulingyu1.com/lingyu/113594.html,0,0,
森萝财团 X-003 少女的肉丝诱惑 [149P+1V],https://qulingyu1.com/lingyu/113178.html,0,0,
森萝财团 X-021 护士妹妹穿白丝 [168P+1V],https://qulingyu1.com/lingyu/111225.html,0,0,
森萝财团 BETA-028 白丝美足学生装萝莉 [60P],https://qulingyu1.com/lingyu/112662.html,0,0,
紧急企划 NO.003 一只喵喵梓 ​​​​[74P+1V],https://qulingyu1.com/lingyu/112115.html,0,0,
紧急企划 NO.001 樱樱樱可 ​​​​[45P+1V],https://qulingyu1.com/lingyu/112724.html,0,0,
喵糖映画 VOL.067 喵喵的白丝水手服 [46P],https://qulingyu1.com/lingyu/191865.html,0,0,
喵糖映画 VOL.085 桃子的睡衣 [44P],https://qulingyu1.com/lingyu/191211.html,0,0,
喵写真 Vol.024 黑丝足女孩 [75P],https://qulingyu1.com/lingyu/111937.html,0,0,
喵写真 Vol.021 有你足够 [80P],https://qulingyu1.com/lingyu/111855.html,0,0,
喵写真 Vol.011 少女的白丝袜 [90P],https://qulingyu1.com/lingyu/111567.html,0,0,
轻兰映画 HANA.004 [74P],https://qulingyu1.com/lingyu/111117.html,0,0,
风之领域 No.012 淋湿的白丝美腿 [41P],https://qulingyu1.com/lingyu/110973.html,0,0,
轻兰映画 SPL.008 [98P],https://qulingyu1.com/lingyu/110451.html,0,0,
风之领域 No.018 黑丝旗袍 [50P],https://qulingyu1.com/lingyu/109786.html,0,0,
森萝财团 BETA-039 黑丝短裙 [44P],https://qulingyu1.com/lingyu/109838.html,0,0,
风之领域 No.131 JK长腿黑丝 [45P],https://qulingyu1.com/lingyu/109159.html,0,0,
风之领域 No.022 天桥上的短裙妹子 [50P],https://qulingyu1.com/lingyu/109081.html,0,0,
轻兰映画 Grand.003 [82P],https://qulingyu1.com/lingyu/108997.html,0,0,
森萝财团 BETA-002 黑丝运动风 [77P],https://qulingyu1.com/lingyu/108395.html,0,0,
轻兰映画 VOL.016 [74P],https://qulingyu1.com/lingyu/108319.html,0,0,
少女秩序 EXVOL.04 天台的黑丝小恶魔 [47P],https://qulingyu1.com/lingyu/108178.html,0,0,
森萝财团 X-049 湿身120D白丝无内 [165P+1V],https://qulingyu1.com/lingyu/107966.html,0,0,
少女秩序 VOL.004 艳丽的小红裙 [52P],https://qulingyu1.com/lingyu/107912.html,0,0,
风之领域 No.163 少女私房 [40P],https://qulingyu1.com/lingyu/91115.html,0,0,
森萝财团 JKFUN-015 默陌+AIKA [88P+1V],https://qulingyu1.com/lingyu/38801.html,0,0,
喵写真 PR15-003 超薄肉丝小当家 [69P+1V],https://qulingyu1.com/lingyu/107043.html,0,0,
少女秩序 EXVOL.01 双马尾的黑白丝少女 [56P],https://qulingyu1.com/lingyu/107116.html,0,0,
森萝财团 X-050 20D肉丝空姐制服 [146P+1V],https://qulingyu1.com/lingyu/106893.html,0,0,
森萝财团 X-051 20D黑丝踩物 [111P],https://qulingyu1.com/lingyu/106561.html,0,0,
风之领域 No.146 小小水手少女 [45P],https://qulingyu1.com/lingyu/106674.html,0,0,
森萝财团 X-052 80D白丝踩物 [66P+1V],https://qulingyu1.com/lingyu/106490.html,0,0,
森萝财团 X-053 50D白丝百合踩物 [103P+1V],https://qulingyu1.com/lingyu/105584.html,0,0,
森萝财团 X-055 20D肉丝短棉袜踩物 [93P],https://qulingyu1.com/lingyu/105406.html,1,0,
森萝财团 X-056 超薄死库水白丝 [91P+1V],https://qulingyu1.com/lingyu/105311.html,1,0,
风之领域 No.145 纤细的小长腿 [48P],https://qulingyu1.com/lingyu/105170.html,1,0,
喵写真 Vol.003 双马尾的萝莉妹 [72P],https://qulingyu1.com/lingyu/129145.html,0,0,
风之领域 No.144 撩人的黑丝 [47P],https://qulingyu1.com/lingyu/105081.html,0,0,
少女秩序 VOL.009 诱人的白丝长腿 [32P],https://qulingyu1.com/lingyu/105131.html,0,0,
轻兰映画 Grand.005 [101P],https://qulingyu1.com/lingyu/104978.html,0,0,
喵写真 Vol.006 黑网情丝 [67P],https://qulingyu1.com/lingyu/128474.html,0,0,
喵写真 Vol.007 回忆童年的网事 [55P],https://qulingyu1.com/lingyu/128306.html,0,0,
喵写真 Vol.018 学妹爱学习 [103P],https://qulingyu1.com/lingyu/127597.html,0,0,
喵写真 Vol.022 穿裙子要有格调 [95P],https://qulingyu1.com/lingyu/127500.html,0,0,
喵写真 Vol.023 回到学生时代 [65P],https://qulingyu1.com/lingyu/127433.html,0,0,
森萝财团 X-057 吊带短裙50D白丝 [83P+1V],https://qulingyu1.com/lingyu/104406.html,0,0,
森萝财团 FREE-001 白丝连裤袜常服 [59P],https://qulingyu1.com/lingyu/104345.html,0,0,
森萝财团 FREE-002 幼年拉姆蕾姆 [15P],https://qulingyu1.com/lingyu/104265.html,0,0,
森萝财团 FREE-003 黑衣白丝外景试拍 [39P],https://qulingyu1.com/lingyu/104224.html,0,0,
森萝财团 X-054 80D灰丝踩物 [86P+1V],https://qulingyu1.com/lingyu/104133.html,0,0,
风之领域 No.159 双马尾死库水 [47P],https://qulingyu1.com/lingyu/91321.html,0,0,
风之领域 No.143 蓝色格子裙 [47P],https://qulingyu1.com/lingyu/104079.html,0,0,
少女秩序 VOL.010 享受周末的假日 [49P],https://qulingyu1.com/lingyu/104028.html,0,0,
喵写真 Vol.016 欲望的黑丝秀 [86P],https://qulingyu1.com/lingyu/127702.html,0,0,
少女秩序 VOL.005 课堂上的幻想 [30P],https://qulingyu1.com/lingyu/103713.html,0,0,
少女秩序 VOL.007 新买的黑丝 [55P],https://qulingyu1.com/lingyu/103205.html,0,0,
少女秩序 VOL.002 我爱健身 [40P],https://qulingyu1.com/lingyu/103163.html,0,0,
森萝财团 FREE-004 白衣黑丝 Aika [24P],https://qulingyu1.com/lingyu/102958.html,0,0,
森萝财团 FREE-005 黄旗袍黑丝 [64P],https://qulingyu1.com/lingyu/102892.html,0,0,
《少女秩序》EXVOL.05 黑丝的绝对诱惑 [45P],https://qulingyu1.com/lingyu/102764.html,0,0,
森萝财团 FREE-007 肉色丝袜少女 [83P],https://qulingyu1.com/lingyu/102614.html,0,0,
森萝财团 FREE-006 JK制服女孩 [49P],https://qulingyu1.com/lingyu/102563.html,0,0,
喵写真 Vol.029 JK黑丝大长腿 [68P],https://qulingyu1.com/lingyu/127029.html,0,0,
喵写真 PR15-001 玩物喵喵喵 [106P+1V],https://qulingyu1.com/lingyu/126919.html,0,0,
轻兰映画 VOL.012 [60P],https://qulingyu1.com/lingyu/102466.html,0,0,
《少女秩序》VOL.012 丝足特写 [45P],https://qulingyu1.com/lingyu/102291.html,0,0,
少女秩序 VOL.011 恋上你的床 [49P],https://qulingyu1.com/lingyu/102240.html,0,0,
风之领域 No.132 黑丝体操服 [53P],https://qulingyu1.com/lingyu/102183.html,0,0,
森萝财团 LOVEPLUS-001 死库水免女郎少女 Aika [148P],https://qulingyu1.com/lingyu/102033.html,0,0,
森萝财团 LOVEPLUS-005 碧蓝航线50D黑丝 [107P],https://qulingyu1.com/lingyu/101854.html,0,0,
风之领域 No.142 体育场上的少女 [42P],https://qulingyu1.com/lingyu/101810.html,0,0,
轻兰映画 Grand.004 [64P],https://qulingyu1.com/lingyu/101744.html,0,0,
《兔玩映画》C40.008 爱宕和死库水 [40P],https://qulingyu1.com/lingyu/30135.html,0,0,
轻兰映画 SPL.014 [110P],https://qulingyu1.com/lingyu/101378.html,0,0,
喵写真 PR15-007 熊宝宝我最爱 [81P+1V],https://qulingyu1.com/lingyu/101269.html,0,0,
风之领域 No.007 少女初长成 [50P],https://qulingyu1.com/lingyu/100803.html,0,0,
风之领域 No.011 教室里的黑丝少女 [50P],https://qulingyu1.com/lingyu/100736.html,0,0,
风之领域 No.043 湖边的黑丝美脚 [50P],https://qulingyu1.com/lingyu/100631.html,0,0,
风之领域 No.044 黑丝短裙校服 [49P],https://qulingyu1.com/lingyu/100580.html,0,0,
风之领域 No.046 清晨的阳光朦胧的美 [50P],https://qulingyu1.com/lingyu/100528.html,0,0,
喵糖映画 VOL.043 [41P],https://qulingyu1.com/lingyu/16937.html,0,0,
风之领域 No.047 少女的逐渐成长 [40P],https://qulingyu1.com/lingyu/100409.html,0,0,
风之领域 No.048 性感黑丝女教师 [45P],https://qulingyu1.com/lingyu/100362.html,0,0,
《兔玩映画》夏日泳装 酷女孩 [40P],https://qulingyu1.com/lingyu/31146.html,0,0,
风之领域 No.049 性感红色运动装 [39P],https://qulingyu1.com/lingyu/100315.html,0,0,
风之领域 No.051 黑白丝 [31P],https://qulingyu1.com/lingyu/100282.html,0,0,
风之领域 No.052 泳装死库水 [32P],https://qulingyu1.com/lingyu/100248.html,0,0,
《兔玩映画》C45.002 白色死库水 [40P],https://qulingyu1.com/lingyu/5628.html,0,0,
风之领域 No.053 泳池边的长腿MM [29P],https://qulingyu1.com/lingyu/100213.html,0,0,
风之领域 No.054 海边浪漫之旅 [27P],https://qulingyu1.com/lingyu/100184.html,0,0,
风之领域 No.057 一双美腿很吸睛 [50P],https://qulingyu1.com/lingyu/99669.html,0,0,
风之领域 No.056 草坪上青纯的学妹 [50P],https://qulingyu1.com/lingyu/99617.html,0,0,
风之领域 No.063 粉系魔法少女 [43P],https://qulingyu1.com/lingyu/99572.html,0,0,
轻兰映画 Grand.006 [63P],https://qulingyu1.com/lingyu/99046.html,0,0,
风之领域 No.076 少女的私房 [47P],https://qulingyu1.com/lingyu/98779.html,0,0,
风之领域 No.077 我和春天有个约会 [40P],https://qulingyu1.com/lingyu/98737.html,0,0,
风之领域 No.078 一米七的黑丝长腿 [45P],https://qulingyu1.com/lingyu/98690.html,0,0,
风之领域 No.079 美丝课堂 [41P],https://qulingyu1.com/lingyu/98647.html,0,0,
风之领域 No.082 浴室里的死库水 [55P],https://qulingyu1.com/lingyu/98545.html,0,0,
风之领域 No.086 吊带白丝筒袜 [46P],https://qulingyu1.com/lingyu/98349.html,0,0,
森萝财团 WTMSB-001 红色布鲁马 [149P+1V],https://qulingyu1.com/lingyu/98091.html,0,0,
风之领域 No.090 泳池里的少女 [40P],https://qulingyu1.com/lingyu/98049.html,0,0,
风之领域 No.098 果腿白衬衫 [37P],https://qulingyu1.com/lingyu/97956.html,0,0,
风之领域 No.099 透明的白衬衫 [40P],https://qulingyu1.com/lingyu/97914.html,0,0,
风之领域 No.101 粉色性感睡衣 [45P],https://qulingyu1.com/lingyu/97767.html,0,0,
风之领域 No.102 体操服JK少女 [43P],https://qulingyu1.com/lingyu/97722.html,0,0,
风之领域 No.107 白丝死库水 [40P],https://qulingyu1.com/lingyu/97680.html,0,0,
风之领域 No.110 白色短裤 [50P],https://qulingyu1.com/lingyu/97432.html,0,0,
风之领域 No.111 粉色公主裙 [48P],https://qulingyu1.com/lingyu/97382.html,0,0,
风之领域 No.112 最爱的连衣裙 [43P],https://qulingyu1.com/lingyu/97338.html,0,0,
风之领域 No.116 女神的白丝长腿 [35P],https://qulingyu1.com/lingyu/97043.html,0,0,
风之领域 No.120 体育课的操场上 [48P],https://qulingyu1.com/lingyu/96946.html,0,0,
风之领域 No.122 黑丝泳装 [40P],https://qulingyu1.com/lingyu/96904.html,0,0,
风之领域 No.121 牛仔短裤与黑丝袜 [47P],https://qulingyu1.com/lingyu/96381.html,0,0,
风之领域 No.124 胶衣死库水 [40P],https://qulingyu1.com/lingyu/96339.html,0,0,
风之领域 No.128 校服黑丝 [49P],https://qulingyu1.com/lingyu/96288.html,0,0,
风之领域 No.135 中国风泳装 [39P],https://qulingyu1.com/lingyu/96247.html,0,0,
《风之领域》No.129 黑丝系小姐姐 [45P],https://qulingyu1.com/lingyu/96200.html,0,0,
风之领域 No.136 美丝小公主 [39P],https://qulingyu1.com/lingyu/96151.html,0,0,
风之领域 No.137 毛衣少女 [40P],https://qulingyu1.com/lingyu/96015.html,0,0,
风之领域 No.138 黑丝格子裙 [63P],https://qulingyu1.com/lingyu/95950.html,0,0,
风之领域 No.140 教室里的黑丝JK [39P],https://qulingyu1.com/lingyu/95909.html,0,0,
轻兰映画 Grand.009 [93P],https://qulingyu1.com/lingyu/18753.html,0,0,
轻兰映画 SPL.007 [90P],https://qulingyu1.com/lingyu/18849.html,0,0,
少女秩序 VOL.013 放学游戏PLAY [44P],https://qulingyu1.com/lingyu/94035.html,0,0,
少女秩序 VOL.014 美味的生活 [47P],https://qulingyu1.com/lingyu/93986.html,0,0,
少女秩序 VOL.015 超薄丝袜的质感 [47P],https://qulingyu1.com/lingyu/93937.html,0,0,
少女秩序 VOL.016 无法拒绝的白丝 [49P],https://qulingyu1.com/lingyu/93886.html,0,0,
喵写真 PR15-006 百褶裙小学妹 [99P+1V],https://qulingyu1.com/lingyu/93279.html,0,0,
喵写真 PR15-009 欲做你的爱奴 [104P+1V],https://qulingyu1.com/lingyu/93171.html,0,0,
萝莉丝控 喵写真 R15 赠01 [49P],https://qulingyu1.com/lingyu/92895.html,0,0,
喵写真 萝莉丝控 R15赠02 [65P],https://qulingyu1.com/lingyu/92828.html,0,0,
喵写真 R15-赠03 萝莉丝控 [53P+1V],https://qulingyu1.com/lingyu/92771.html,0,0,
喵写真 R15-赠04 萝莉丝控  [59P+1V],https://qulingyu1.com/lingyu/92708.html,0,0,
风之领域 No.147 露肩小衫 [50P],https://qulingyu1.com/lingyu/92656.html,0,0,
风之领域 No.148 吊带短裙 [40P],https://qulingyu1.com/lingyu/92614.html,0,0,
风之领域 No.153 制服白丝 [44P],https://qulingyu1.com/lingyu/91721.html,0,0,
风之领域 No.154 街道上的红裙女孩 [47P],https://qulingyu1.com/lingyu/91571.html,0,0,
风之领域 No.155 海边漫步 [51P],https://qulingyu1.com/lingyu/91518.html,0,0,
风之领域 No.156 伞下的旗袍少女 [40P],https://qulingyu1.com/lingyu/91476.html,0,0,
风之领域 No.157 制服少女 [52P],https://qulingyu1.com/lingyu/91422.html,0,0,
风之领域 No.158 湿身死库水 [50P],https://qulingyu1.com/lingyu/91370.html,0,0,
兔玩映画《面饼仙儿》吊带睡衣 [50P],https://qulingyu1.com/lingyu/91157.html,0,0,
风之领域 No.164 黑丝死库水 [54P],https://qulingyu1.com/lingyu/91059.html,0,0,
风之领域 No.165 运动装女生 [54P],https://qulingyu1.com/lingyu/91011.html,0,0,
风之领域 No.166 体操服少女 [51P],https://qulingyu1.com/lingyu/90592.html,0,0,
风之领域 No.167 天台的黑丝 [47P],https://qulingyu1.com/lingyu/90543.html,0,0,
风之领域 No.168 紫色格子裙 [39P],https://qulingyu1.com/lingyu/90502.html,0,0,
风之领域 No.169 蓝色运动短裤 [43P],https://qulingyu1.com/lingyu/90457.html,0,0,
森萝财团 WTMSB-003 黑丝连体袜 [113P+1V],https://qulingyu1.com/lingyu/90230.html,0,0,
轻兰映画 Grand.010 [64P],https://qulingyu1.com/lingyu/89239.html,0,0,
风之领域 No.171 楼道偶遇学妹 [48P],https://qulingyu1.com/lingyu/89046.html,0,0,
风之领域 No.172 迷你吊带睡衣 [70P],https://qulingyu1.com/lingyu/88974.html,0,0,
风之领域 No.174 运动装宅女 [35P],https://qulingyu1.com/lingyu/88894.html,0,0,
风之领域 No.175 日系风格 [42P],https://qulingyu1.com/lingyu/88620.html,0,0,
风之领域 No.177 校园里的黑丝学妹 [32P],https://qulingyu1.com/lingyu/88586.html,0,0,
风之领域 No.178 校服黑丝 [40P],https://qulingyu1.com/lingyu/88544.html,0,0,
风之领域 No.179 室内体操服 [45P],https://qulingyu1.com/lingyu/88365.html,0,0,
风之领域 No.180 我的长腿女友 [49P],https://qulingyu1.com/lingyu/88314.html,0,0,
风之领域 No.183 草梅裙睡衣 [43P],https://qulingyu1.com/lingyu/87979.html,0,0,
风之领域 No.184 黑丝兔女郎 [43P],https://qulingyu1.com/lingyu/87759.html,0,0,
风之领域 No.185 兔女郎女仆 [41P],https://qulingyu1.com/lingyu/87716.html,0,0,
森萝财团 JKFUN-010 20D白丝黏液 [115P+1V],https://qulingyu1.com/lingyu/85930.html,0,0,
风之领域 No.187 黑丝筒袜 [41P],https://qulingyu1.com/lingyu/87360.html,0,0,
风之领域 No.188 超薄灰丝 [51P],https://qulingyu1.com/lingyu/87307.html,0,0,
森萝财团 JKFUN-009 50D白丝按摩仪 [105P+1V],https://qulingyu1.com/lingyu/86844.html,0,0,
风之领域 No.189 格子裙少女 [41P],https://qulingyu1.com/lingyu/85469.html,0,0,
风之领域 No.190 踏青的美丝少女 [50P],https://qulingyu1.com/lingyu/85417.html,0,0,
风之领域 No.197 妹妹的白丝校服 [41P],https://qulingyu1.com/lingyu/84863.html,0,0,
风之领域 No.192 黑丝学妹 [39P],https://qulingyu1.com/lingyu/85369.html,0,0,
风之领域 No.193 床上的黑丝JK [38P],https://qulingyu1.com/lingyu/85329.html,1,0,
风之领域 No.194 性感的私人护士 [38P],https://qulingyu1.com/lingyu/85290.html,1,0,
风之领域 No.195 旗袍下的黑丝 [40P],https://qulingyu1.com/lingyu/85248.html,1,0,
风之领域 No.196 粉粉的草梅酱 [42P],https://qulingyu1.com/lingyu/85204.html,0,0,
风之领域 No.030 钟爱白丝的MM [46P],https://qulingyu1.com/lingyu/116886.html,0,0,
风之领域 No.200 cosplay泉纱雾 [42P],https://qulingyu1.com/lingyu/83690.html,0,0,
风之领域 No.201 紫色薄沙睡裙 [39P],https://qulingyu1.com/lingyu/83649.html,0,0,
风之领域 No.202 爱听歌的喵喵酱 [39P],https://qulingyu1.com/lingyu/83608.html,0,0,
风之领域 No.205 COS指挥官 [47P],https://qulingyu1.com/lingyu/83350.html,0,0,
风之领域 No.206 COS2B小姐姐 [39P],https://qulingyu1.com/lingyu/83309.html,0,0,
风之领域 No.210 白丝死库水 [45P],https://qulingyu1.com/lingyu/82735.html,0,0,
风之领域 No.209 透视睡裙 [40P],https://qulingyu1.com/lingyu/82585.html,0,0,
森萝财团 JKFUN-020 80D白丝 Aika [98P+1V],https://qulingyu1.com/lingyu/75330.html,0,0,
喵糖映画 VOL.086 私房白袜 [40P],https://qulingyu1.com/lingyu/191170.html,0,0,
森萝财团 JKFUN-GG-03 希晨 JK制服 [96P+1V],https://qulingyu1.com/lingyu/73657.html,0,0,
森萝财团 JKFUN-GG-02 离洛 [101P+1V],https://qulingyu1.com/lingyu/73384.html,0,0,
喵糖映画 VOL.100 婚纱爱宕 [40P+1V],https://qulingyu1.com/lingyu/184617.html,0,0,
喵糖映画 VOL.104 粉色吊带睡衣 [45P],https://qulingyu1.com/lingyu/184489.html,0,0,
喵写真 Vol.012 黑丝的绝对诱惑 [84P],https://qulingyu1.com/lingyu/128010.html,0,0,
喵写真 Vol.014 白丝少女心 [74P],https://qulingyu1.com/lingyu/127862.html,0,0,
轻兰映画 Grand.013 加藤惠校服 [70P+1V],https://qulingyu1.com/lingyu/66784.html,0,0,
森萝财团 JKFUN-032 黑丝80D踩物 小夜 [84P+1V],https://qulingyu1.com/lingyu/58427.html,0,0,
森萝财团 JKFUN-024 杪夏 15D黑丝 [88P+1V],https://qulingyu1.com/lingyu/38444.html,0,0,
森萝财团 JKFUN-013 小香 80D白丝 [160P+1V],https://qulingyu1.com/lingyu/8294.html,0,0,
轻兰映画 Grand.014 玛修常服 [73P+1V],https://qulingyu1.com/lingyu/66364.html,0,0,
轻兰映画 Grand.015 [60P],https://qulingyu1.com/lingyu/66140.html,0,0,
喵糖映画 VOL.007 花样的年华 [40P],https://qulingyu1.com/lingyu/62766.html,0,0,
喵糖映画 VOL.008 剑道少女 [41P],https://qulingyu1.com/lingyu/62724.html,0,0,
喵糖映画 VOL.009 [43P],https://qulingyu1.com/lingyu/62130.html,0,0,
喵糖映画 VOL.011 [41P],https://qulingyu1.com/lingyu/62088.html,0,0,
喵糖映画 VOL.012 [44P],https://qulingyu1.com/lingyu/62043.html,0,0,
喵糖映画 VOL.013 [40P],https://qulingyu1.com/lingyu/62002.html,0,0,
喵糖映画 VOL.014 [43P],https://qulingyu1.com/lingyu/61958.html,0,0,
喵糖映画 VOL.016 [40P],https://qulingyu1.com/lingyu/61604.html,0,0,
森萝财团 JKFUN-016 小夜 黑丝 [80P+1V],https://qulingyu1.com/lingyu/38584.html,0,0,
喵糖映画 VOL.019 [46P],https://qulingyu1.com/lingyu/60087.html,0,0,
喵糖映画 VOL.020 [40P],https://qulingyu1.com/lingyu/59705.html,0,0,
喵糖映画 VOL.021 [40P],https://qulingyu1.com/lingyu/59517.html,0,0,
兔玩映画《日奈娇》兔女郎 [40P],https://qulingyu1.com/lingyu/148127.html,0,0,
森萝财团 JKFUN-035 南半球15D黑丝 [63P+1V],https://qulingyu1.com/lingyu/57905.html,0,0,
喵糖映画 VOL.025 [42P],https://qulingyu1.com/lingyu/57079.html,0,0,
喵糖映画 VOL.032 [40P],https://qulingyu1.com/lingyu/55580.html,0,0,
森萝财团 JKFUN-036 80D白丝 卉子 [60P+1V],https://qulingyu1.com/lingyu/55518.html,0,0,
森萝财团 JKFUN-022 卉子 15D肉丝 [106P],https://qulingyu1.com/lingyu/8057.html,0,0,
喵糖映画 VOL.033 [48P],https://qulingyu1.com/lingyu/55168.html,0,0,
森萝财团 JKFUN-1-5 蕾丝高筒袜 Aika [34P+1V],https://qulingyu1.com/lingyu/55062.html,0,0,
喵糖映画 VOL.035 [34P],https://qulingyu1.com/lingyu/54934.html,0,0,
森萝财团 JKFUN-1.5-1 Aika JK果足 [69P],https://qulingyu1.com/lingyu/54775.html,0,0,
森萝财团 JKFUN-028 默陌 15D白丝 [58P],https://qulingyu1.com/lingyu/8720.html,0,0,
喵糖映画 VOL.087 日系粉色JK [41P],https://qulingyu1.com/lingyu/191128.html,0,0,
《兔玩映画》VOL.045 一袭红裙 [40P],https://qulingyu1.com/lingyu/8271.html,0,0,
森萝财团 JKFUN-037 50D肉丝 [63P+1V],https://qulingyu1.com/lingyu/53374.html,0,0,
喵糖映画 VOL.040 lovely呆玄 猫耳朵 [40P],https://qulingyu1.com/lingyu/50708.html,0,0,
喵糖映画 VOL.044 [40P],https://qulingyu1.com/lingyu/50342.html,0,0,
喵糖映画 VOL.045 [40P],https://qulingyu1.com/lingyu/50217.html,0,0,
喵写真 Vol.013 摇摆的小红裙 [70P],https://qulingyu1.com/lingyu/127938.html,0,0,
喵糖映画 VOL.048 嶋葵纱雾 [39P],https://qulingyu1.com/lingyu/48298.html,0,0,
喵糖映画 VOL.049 [44P],https://qulingyu1.com/lingyu/48151.html,0,0,
喵糖映画 VOL.051 女仆喵 [39P],https://qulingyu1.com/lingyu/46145.html,1,0,
喵糖映画 VOL.052 [45P],https://qulingyu1.com/lingyu/45264.html,1,0,
喵糖映画 VOL.053 [41P],https://qulingyu1.com/lingyu/45221.html,0,0,
森萝财团 JKFUN-012 10D肉丝运动鞋 [102P+1V],https://qulingyu1.com/lingyu/38672.html,0,0,
喵糖映画 VOL.054 [39P],https://qulingyu1.com/lingyu/44388.html,0,0,
森萝财团 JKFUN-GG-01 Aika COS佐久间麻由 [98P+1V],https://qulingyu1.com/lingyu/43794.html,0,0,
喵糖映画 VOL.056 Kitaro_绮太郎 [45P],https://qulingyu1.com/lingyu/43265.html,0,0,
喵糖映画 VOL.057 嶋葵 [41P],https://qulingyu1.com/lingyu/43115.html,0,0,
森萝财团 JKFUN-021 15D灰丝 [45P+1V],https://qulingyu1.com/lingyu/38534.html,0,0,
喵糖映画 VOL.063 蕾丝吊带 [40P],https://qulingyu1.com/lingyu/42543.html,0,0,
喵糖映画 VOL.062 艾米莉亚 [46P],https://qulingyu1.com/lingyu/41149.html,0,0,
喵糖映画 VOL.109 索尼子和服 [33P],https://qulingyu1.com/lingyu/184384.html,0,0,
《兔玩映画》B85.002 超清新元气少女 [35P],https://qulingyu1.com/lingyu/36366.html,0,0,
森萝财团 LOVEPLUS.004 露背毛衣80D白丝 [97P+1V],https://qulingyu1.com/lingyu/8528.html,0,0,
森萝财团 JKFUN-038 Aika 13D黑丝 [34P+1V],https://qulingyu1.com/lingyu/8757.html,0,0,
喵写真 NO.032 浅野菌子 [12P],https://qulingyu1.com/lingyu/33680.html,0,0,
风之领域 NO.067 桜桃喵&木绵绵OwO [38P],https://qulingyu1.com/lingyu/33398.html,0,0,
喵写真 NO.027 木绵绵OwO [51P],https://qulingyu1.com/lingyu/33344.html,0,0,
轻兰映画 NO.016 鳗鱼霏儿 [16P],https://qulingyu1.com/lingyu/32148.html,0,0,
《兔玩映画》C35.007 阳光与黑丝 [40P],https://qulingyu1.com/lingyu/31808.html,0,0,
《兔玩映画》C36.002 粉色民宿和JK [40P],https://qulingyu1.com/lingyu/31678.html,0,0,
《兔玩映画》VOL.041 天台学妹 [41P],https://qulingyu1.com/lingyu/31635.html,0,0,
《兔玩映画》C37.006 蓝调白丝 [40P],https://qulingyu1.com/lingyu/31593.html,0,0,
《兔玩映画》C37.002 窗台上的短裙白丝 [40P],https://qulingyu1.com/lingyu/31551.html,0,0,
《兔玩映画》兔女郎 Vol.051 甜甜 [40P],https://qulingyu1.com/lingyu/31509.html,0,0,
喵糖映画 VOL.028 [40P],https://qulingyu1.com/lingyu/56156.html,0,0,
喵糖映画 VOL.029 [43P],https://qulingyu1.com/lingyu/56086.html,0,0,
喵糖映画 VOL.037 [39P],https://qulingyu1.com/lingyu/31449.html,0,0,
喵糖映画 VOL.038 [42P],https://qulingyu1.com/lingyu/31405.html,0,0,
《兔玩映画》VOL.005 短体操服 [40P],https://qulingyu1.com/lingyu/31363.html,0,0,
《兔玩映画》C39.001 超可爱的白丝 [40P],https://qulingyu1.com/lingyu/31321.html,0,0,
《兔玩映画》C40.002 课后值日生 [42P],https://qulingyu1.com/lingyu/31277.html,0,0,
《兔玩映画》C40.004 腿超细的妹妹 [41P],https://qulingyu1.com/lingyu/31234.html,0,0,
《兔玩映画》C39.008 南小鸟小恶魔 [44P],https://qulingyu1.com/lingyu/31188.html,0,0,
森萝财团 JKFUN-049 高跟鞋果足 Aika [67P+1V],https://qulingyu1.com/lingyu/54632.html,0,0,
森萝财团 JKFUN-048 13D肉丝 Aika [27P+1V],https://qulingyu1.com/lingyu/54460.html,0,0,
喵糖映画 VOL.088 私房浴缸 [23P],https://qulingyu1.com/lingyu/191104.html,0,0,
兔玩映画 C41.002 短裤灰色丝袜 [39P],https://qulingyu1.com/lingyu/30094.html,0,0,
森萝财团 JKFUN-053 蕾丝短袜女仆 Aika [32P+1V],https://qulingyu1.com/lingyu/54295.html,0,0,
喵写真 Vol.009 球场的黑丝JK [75P],https://qulingyu1.com/lingyu/128164.html,1,0,
轻兰映画 SPL.011 [72P],https://qulingyu1.com/lingyu/19673.html,0,0,
轻兰映画 Grand.002 [80P],https://qulingyu1.com/lingyu/19591.html,0,0,
轻兰映画 VOL.017 [77P],https://qulingyu1.com/lingyu/19512.html,0,0,
轻兰映画 SPL.013 [70P],https://qulingyu1.com/lingyu/19440.html,0,0,
轻兰映画 SPL.006 [112P],https://qulingyu1.com/lingyu/19326.html,0,0,
轻兰映画 SPL.004 [60P],https://qulingyu1.com/lingyu/19264.html,0,0,
轻兰映画 Grand.011 [108P],https://qulingyu1.com/lingyu/19154.html,0,0,
轻兰映画 Grand.007 [128P],https://qulingyu1.com/lingyu/19024.html,0,0,
轻兰映画 Grand.008 [81P],https://qulingyu1.com/lingyu/18941.html,0,0,
喵糖映画 VOL.027 [41P],https://qulingyu1.com/lingyu/17065.html,0,0,
喵糖映画 VOL.006 无邪的笑容 [37P],https://qulingyu1.com/lingyu/17026.html,0,0,
喵糖映画 VOL.002 JK白丝 [40P],https://qulingyu1.com/lingyu/16984.html,0,0,
喵糖映画 VOL.034 [37P],https://qulingyu1.com/lingyu/16896.html,0,0,
喵糖映画 VOL.005 青涩的性感 [34P],https://qulingyu1.com/lingyu/16860.html,0,0,
喵糖映画 VOL.031 [40P],https://qulingyu1.com/lingyu/16775.html,0,0,
喵糖映画 VOL.004 镜酱 JK制服 [40P],https://qulingyu1.com/lingyu/16733.html,0,0,
《兔玩映画》C41.006 妹妹的可爱白丝 [45P],https://qulingyu1.com/lingyu/14730.html,0,0,
兔玩映画 C43.008 超清纯可爱的妹妹 [40P],https://qulingyu1.com/lingyu/14688.html,0,0,
兔玩映画 C44.001 追赶者和让巴尔 [50P],https://qulingyu1.com/lingyu/14636.html,0,0,
兔玩映画 VOL.074 清纯少女 [44P],https://qulingyu1.com/lingyu/14590.html,0,0,
兔玩映画 C44.006 阳光下的白丝 [40P],https://qulingyu1.com/lingyu/11947.html,0,0,
兔玩映画 C44.003 粉色吊带睡衣 [34P],https://qulingyu1.com/lingyu/11925.html,0,0,
兔玩映画 C44.004 沙发上的白丝 [39P],https://qulingyu1.com/lingyu/11900.html,0,0,
兔玩映画 Vol.055 酒吧兔女郎 [40P],https://qulingyu1.com/lingyu/11875.html,0,0,
兔玩映画 兔女郎 Vol.056 白色 [40P],https://qulingyu1.com/lingyu/11851.html,0,0,
兔玩映画 VOL.021 伊莉亚 [40P],https://qulingyu1.com/lingyu/11826.html,0,0,
兔玩映画 C45.005 黑色超短裤 [39P],https://qulingyu1.com/lingyu/11803.html,0,0,
兔玩映画 C45.006 黑色旗袍游园会 [40P],https://qulingyu1.com/lingyu/11778.html,0,0,
兔玩映画 C46.003 粉白与黑色 [46P],https://qulingyu1.com/lingyu/11750.html,0,0,
兔玩映画 C46.005 黑色绝对领域 [39P],https://qulingyu1.com/lingyu/11725.html,0,0,
兔玩映画 C47.002 白丝舞蹈服 [43P],https://qulingyu1.com/lingyu/11699.html,0,0,
兔玩映画 C48.004 黄色T恤衫 [40P],https://qulingyu1.com/lingyu/11671.html,0,0,
兔玩映画 C47.007 死库水和条纹袜 [40P],https://qulingyu1.com/lingyu/11646.html,0,0,
兔玩映画 C47.006 肉丝制服裙 [40P],https://qulingyu1.com/lingyu/11621.html,0,0,
兔玩映画 C47.005 绿T恤白鞋少女 [40P],https://qulingyu1.com/lingyu/11596.html,0,0,
森萝财团 JKFUN-008 Aika 50D白丝 踩酱肉包[130P],https://qulingyu1.com/lingyu/8633.html,0,0,
森萝财团 R15-036 白丝高考学妹 [84P],https://qulingyu1.com/lingyu/8583.html,0,0,
森萝财团 JKFUN-039 13D白丝网鞋 [56P],https://qulingyu1.com/lingyu/8494.html,0,0,
森萝财团 JKFUN-019 Aika 80D白丝 外景体操服 [107P],https://qulingyu1.com/lingyu/8390.html,1,0,
兔玩映画 C49.002 粉色过膝袜 [40P],https://qulingyu1.com/lingyu/8365.html,0,0,
森萝财团 JKFUN-033 Aika 慵懒的旗袍 [108P],https://qulingyu1.com/lingyu/7922.html,0,0,
兔玩映画 VOL.010 纯真少女 [44P],https://qulingyu1.com/lingyu/5670.html,0,0,
喵糖映画 VOL.105 穹妹和服 [39P],https://qulingyu1.com/lingyu/184449.html,0,0,
喵糖映画 VOL.030 毛衣短裙[39P],https://qulingyu1.com/lingyu/415.html,0,0,
兔玩映画 小雨 短裤肉丝 [40P],https://qulingyu1.com/lingyu/310.html,0,0,
轻兰映画 SPL.005 少女的黑白丝 [124P],https://qulingyu1.com/lingyu/429.html,0,0,
轻兰映画 Grand.016 丝足短裙[107P],https://qulingyu1.com/lingyu/422.html,0,0,
喵写真 VOL.020 丝袜百褶裙 [85P],https://qulingyu1.com/lingyu/408.html,0,0,
喵写真 VOL.017 眼镜学妹丝足 [104P],https://qulingyu1.com/lingyu/388.html,0,0,
喵写真 VOL.028 送给你的礼物 [113P],https://qulingyu1.com/lingyu/379.html,0,0,
风之领域 VOL.035 半度度度喵[49P],https://qulingyu1.com/lingyu/372.html,0,0,
风之领域 VOL.036 半度度度喵[44P],https://qulingyu1.com/lingyu/364.html,0,0,
风之领域 VOL.039 半度度度喵[46P],https://qulingyu1.com/lingyu/357.html,0,0,
风之领域 VOL.042 五更百鬼[46P],https://qulingyu1.com/lingyu/350.html,0,0,
风之领域 VOL.044 lovely呆玄 [48P],https://qulingyu1.com/lingyu/342.html,0,0,
风之领域 VOL.045 lovely呆玄 [40P],https://qulingyu1.com/lingyu/333.html,0,0,
风之领域 VOL.051 2B小姐姐 [47P],https://qulingyu1.com/lingyu/326.html,0,0,
兔玩映画《是三不是世w》黑色旗袍 [49P],https://qulingyu1.com/lingyu/317.html,0,0,
森萝财团 JKFUN-041 红色帆布鞋13D白丝 小夜 [50P],https://qulingyu1.com/lingyu/288.html,0,0,
森萝财团 JKFUN-014 默陌 80D过膝袜 [91P],https://qulingyu1.com/lingyu/280.html,0,0,
森萝财团 JKFUN-006 Aika 日系黑丝 [140P+1V],https://qulingyu1.com/lingyu/89096.html,0,0,
